seq,MOTA,MOTP,MODA,CLR_Re,CLR_Pr,MTR,PTR,MLR,sMOTA,CLR_F1,FP_per_frame,MOTAL,MOTP_sum,CLR_TP,CLR_FN,CLR_FP,IDSW,MT,PT,ML,Frag,CLR_Frames,IDF1,IDR,IDP,IDTP,IDFN,IDFP,Dets,GT_Dets,IDs,GT_IDs
MOT16-02,0.6539395779565812,0.8031904974976063,0.6607712160315774,0.728935782602095,0.9144843348252547,0.4789915966386555,0.3949579831932773,0.12605042016806722,0.5104780892264698,0.8112354804646251,0.16626550638770599,0.6606228751700745,7713.038347469513,9603,3571,898,90,57,47,15,197.0,5401,0.629947201689546,0.5660391680582967,0.7101228454432911,7457,5717,3044,10501,13174,193,119
COMBINED,0.6539395779565812,0.8031904974976063,0.6607712160315774,0.728935782602095,0.9144843348252547,0.4789915966386555,0.3949579831932773,0.12605042016806722,0.5104780892264698,0.8112354804646251,0.16626550638770599,0.6606228751700745,7713.038347469513,9603,3571,898,90,57,47,15,197.0,5401,0.629947201689546,0.5660391680582967,0.7101228454432911,7457,5717,3044,10501,13174,193,119
