seq,MOTA,MOTP,MODA,CLR_Re,CLR_Pr,MTR,PTR,MLR,sMOTA,CLR_F1,FP_per_frame,MOTAL,MOTP_sum,CLR_TP,CLR_FN,CLR_FP,IDSW,MT,PT,ML,Frag,CLR_Frames,IDF1,IDR,IDP,IDTP,IDFN,IDFP,Dets,GT_Dets,IDs,GT_IDs
MOT16-02,0.7393350538940338,0.814919637753472,0.7445726430848641,0.7928495521481707,0.9426044580814006,0.5042016806722689,0.42857142857142855,0.06722689075630252,0.5925941715754528,0.8612657184085756,0.11775597111645991,0.7444330614019481,8511.835616335014,10445,2729,636,69,60,51,8,236.0,5401,0.7423623995052566,0.6833915287687871,0.8124717985741359,9003,4171,2078,11081,13174,172,119
COMBINED,0.7393350538940338,0.814919637753472,0.7445726430848641,0.7928495521481707,0.9426044580814006,0.5042016806722689,0.42857142857142855,0.06722689075630252,0.5925941715754528,0.8612657184085756,0.11775597111645991,0.7444330614019481,8511.835616335014,10445,2729,636,69,60,51,8,236.0,5401,0.7423623995052566,0.6833915287687871,0.8124717985741359,9003,4171,2078,11081,13174,172,119
