seq,MOTA,MOTP,MODA,CLR_Re,CLR_Pr,MTR,PTR,MLR,sMOTA,CLR_F1,FP_per_frame,MOTAL,MOTP_sum,CLR_TP,CLR_FN,CLR_FP,IDSW,MT,PT,ML,Frag,CLR_Frames,IDF1,IDR,IDP,IDTP,IDFN,IDFP,Dets,GT_Dets,IDs,GT_IDs
MOT16-02,0.4478021978021978,0.7998728632492109,0.4491758241758242,0.4835164835164835,0.9336870026525199,0.26666666666666666,0.4,0.3333333333333333,0.35103742838423385,0.63710407239819,0.032509752925877766,0.4491758241758242,281.55524786372223,352,376,25,1,4,6,5,4.0,769,0.5954751131221719,0.4519230769230769,0.8726790450928382,329,399,48,377,728,11,15
COMBINED,0.4478021978021978,0.7998728632492109,0.4491758241758242,0.4835164835164835,0.9336870026525199,0.26666666666666666,0.4,0.3333333333333333,0.35103742838423385,0.63710407239819,0.032509752925877766,0.4491758241758242,281.55524786372223,352,376,25,1,4,6,5,4.0,769,0.5954751131221719,0.4519230769230769,0.8726790450928382,329,399,48,377,728,11,15
